{"stat.pickup.minecraft.rotten_flesh":3,"stat.walkOneCm":44078,"stat.craftItem.minecraft.planks":32,"stat.killEntity.Chicken":1,"stat.leaveGame":1,"stat.pickup.minecraft.crafting_table":1,"stat.pickup.minecraft.feather":2,"stat.mineBlock.minecraft.crafting_table":1,"stat.damageTaken":80,"stat.craftItem.minecraft.crafting_table":1,"stat.mobKills":6,"stat.mineBlock.minecraft.log":8,"stat.pickup.minecraft.log":8,"stat.flyOneCm":39763,"stat.pickup.minecraft.wheat_seeds":1,"stat.jump":264,"stat.mineBlock.minecraft.leaves":1,"stat.swimOneCm":1370,"stat.pickup.minecraft.egg":2,"stat.playOneMinute":12621,"stat.fallOneCm":6506,"stat.killEntity.Sheep":3,"stat.sneakTime":20,"stat.pickup.minecraft.wool":3,"stat.damageDealt":680,"stat.pickup.minecraft.chicken":1,"stat.killEntity.Zombie":2,"stat.timeSinceDeath":12621,"stat.useItem.minecraft.wooden_axe":21,"stat.pickup.minecraft.dirt":1,"stat.sprintOneCm":11132,"stat.mineBlock.minecraft.dirt":1,"stat.useItem.minecraft.stone_slab2":1,"stat.craftItem.minecraft.wooden_pickaxe":1,"stat.mineBlock.minecraft.tallgrass":4,"stat.pickup.minecraft.mutton":4,"stat.diveOneCm":2198,"stat.craftItem.minecraft.stick":8,"stat.craftItem.minecraft.wooden_axe":1,"stat.craftingTableInteraction":1}