{"stat.walkOneCm":37654,"stat.craftItem.minecraft.planks":32,"stat.killEntity.Chicken":1,"stat.pickup.minecraft.crafting_table":1,"stat.pickup.minecraft.feather":2,"stat.mineBlock.minecraft.crafting_table":1,"stat.damageTaken":55,"stat.craftItem.minecraft.crafting_table":1,"stat.mobKills":2,"stat.mineBlock.minecraft.log":8,"stat.pickup.minecraft.log":8,"stat.flyOneCm":36392,"stat.jump":211,"stat.mineBlock.minecraft.leaves":1,"stat.swimOneCm":418,"stat.pickup.minecraft.egg":2,"stat.playOneMinute":11347,"stat.fallOneCm":5403,"stat.killEntity.Sheep":1,"stat.sneakTime":2,"stat.pickup.minecraft.wool":1,"stat.damageDealt":189,"stat.pickup.minecraft.chicken":1,"stat.timeSinceDeath":11347,"stat.useItem.minecraft.wooden_axe":7,"stat.pickup.minecraft.dirt":1,"stat.sprintOneCm":9985,"stat.mineBlock.minecraft.dirt":1,"stat.useItem.minecraft.stone_slab2":1,"stat.craftItem.minecraft.wooden_pickaxe":1,"stat.pickup.minecraft.mutton":2,"stat.craftItem.minecraft.stick":8,"stat.craftItem.minecraft.wooden_axe":1,"stat.craftingTableInteraction":1}